{
	"UUID_d851900d-cd75-484d-ae17-1197a2a5d176": {
	"envelope": [144.95752978990072, -37.806944750439904, 144.9708389403139, -37.79225132410177],
	"tile": [6, 5]}
}
